"StichtagDatJahr","KreisSort","KreisCd","KreisLang","SteuerTarifSort","SteuerTarifCd","SteuerTarifLang","SteuerVermoegen_p50","SteuerVermoegen_p25","SteuerVermoegen_p75"
1999,1,"1","Kreis 1",0,"00","Grundtarif",23,0,174
1999,1,"1","Kreis 1",1,"01","Verheiratetentarif",182,22,711
1999,1,"1","Kreis 1",2,"02","Einelternfamilientarif",28.5,0,301
1999,2,"2","Kreis 2",0,"00","Grundtarif",37,3,186
1999,2,"2","Kreis 2",1,"01","Verheiratetentarif",148,33,456
1999,2,"2","Kreis 2",2,"02","Einelternfamilientarif",7,0,61
1999,3,"3","Kreis 3",0,"00","Grundtarif",18,0,97
1999,3,"3","Kreis 3",1,"01","Verheiratetentarif",58,0,212
1999,3,"3","Kreis 3",2,"02","Einelternfamilientarif",0,0,30
1999,4,"4","Kreis 4",0,"00","Grundtarif",6,0,50
1999,4,"4","Kreis 4",1,"01","Verheiratetentarif",9,0,100
1999,4,"4","Kreis 4",2,"02","Einelternfamilientarif",0,0,12
1999,5,"5","Kreis 5",0,"00","Grundtarif",7,0,53
1999,5,"5","Kreis 5",1,"01","Verheiratetentarif",15,0,115
1999,5,"5","Kreis 5",2,"02","Einelternfamilientarif",0,0,33
1999,6,"6","Kreis 6",0,"00","Grundtarif",38,3,175
1999,6,"6","Kreis 6",1,"01","Verheiratetentarif",144,27,457
1999,6,"6","Kreis 6",2,"02","Einelternfamilientarif",18,0,95
1999,7,"7","Kreis 7",0,"00","Grundtarif",57,6,303
1999,7,"7","Kreis 7",1,"01","Verheiratetentarif",307,71,1102
1999,7,"7","Kreis 7",2,"02","Einelternfamilientarif",35,0,160
1999,8,"8","Kreis 8",0,"00","Grundtarif",35,2,184
1999,8,"8","Kreis 8",1,"01","Verheiratetentarif",184,28,656
1999,8,"8","Kreis 8",2,"02","Einelternfamilientarif",18,0,108
1999,9,"9","Kreis 9",0,"00","Grundtarif",23,0,116
1999,9,"9","Kreis 9",1,"01","Verheiratetentarif",84,4,261
1999,9,"9","Kreis 9",2,"02","Einelternfamilientarif",1,0,30
1999,10,"10","Kreis 10",0,"00","Grundtarif",34,1,161
1999,10,"10","Kreis 10",1,"01","Verheiratetentarif",123,18,411
1999,10,"10","Kreis 10",2,"02","Einelternfamilientarif",11,0,66
1999,11,"11","Kreis 11",0,"00","Grundtarif",19,0,101
1999,11,"11","Kreis 11",1,"01","Verheiratetentarif",77,4,256
1999,11,"11","Kreis 11",2,"02","Einelternfamilientarif",3,0,37
1999,12,"12","Kreis 12",0,"00","Grundtarif",16,0,77
1999,12,"12","Kreis 12",1,"01","Verheiratetentarif",49,0,185.5
1999,12,"12","Kreis 12",2,"02","Einelternfamilientarif",0,0,20
2000,1,"1","Kreis 1",0,"00","Grundtarif",26,0,178
2000,1,"1","Kreis 1",1,"01","Verheiratetentarif",183,26,745
2000,1,"1","Kreis 1",2,"02","Einelternfamilientarif",31,0,298
2000,2,"2","Kreis 2",0,"00","Grundtarif",38,3,194
2000,2,"2","Kreis 2",1,"01","Verheiratetentarif",148,30,471
2000,2,"2","Kreis 2",2,"02","Einelternfamilientarif",8,0,74
2000,3,"3","Kreis 3",0,"00","Grundtarif",19,0,98
2000,3,"3","Kreis 3",1,"01","Verheiratetentarif",56,0,216
2000,3,"3","Kreis 3",2,"02","Einelternfamilientarif",1,0,30
2000,4,"4","Kreis 4",0,"00","Grundtarif",7,0,51
2000,4,"4","Kreis 4",1,"01","Verheiratetentarif",9,0,93
2000,4,"4","Kreis 4",2,"02","Einelternfamilientarif",0,0,15
2000,5,"5","Kreis 5",0,"00","Grundtarif",9,0,57
2000,5,"5","Kreis 5",1,"01","Verheiratetentarif",19,0,123
2000,5,"5","Kreis 5",2,"02","Einelternfamilientarif",0,0,29
2000,6,"6","Kreis 6",0,"00","Grundtarif",38,3,176
2000,6,"6","Kreis 6",1,"01","Verheiratetentarif",145,27,476
2000,6,"6","Kreis 6",2,"02","Einelternfamilientarif",21,0,105
2000,7,"7","Kreis 7",0,"00","Grundtarif",58,8,308
2000,7,"7","Kreis 7",1,"01","Verheiratetentarif",323.5,77.5,1146
2000,7,"7","Kreis 7",2,"02","Einelternfamilientarif",36,0,180
2000,8,"8","Kreis 8",0,"00","Grundtarif",38,2,199
2000,8,"8","Kreis 8",1,"01","Verheiratetentarif",192.5,30,654
2000,8,"8","Kreis 8",2,"02","Einelternfamilientarif",27,0,132
2000,9,"9","Kreis 9",0,"00","Grundtarif",22,0,115
2000,9,"9","Kreis 9",1,"01","Verheiratetentarif",81,2,266
2000,9,"9","Kreis 9",2,"02","Einelternfamilientarif",2,0,33
2000,10,"10","Kreis 10",0,"00","Grundtarif",33,2,160.57
2000,10,"10","Kreis 10",1,"01","Verheiratetentarif",130,19,426
2000,10,"10","Kreis 10",2,"02","Einelternfamilientarif",10,0,62
2000,11,"11","Kreis 11",0,"00","Grundtarif",18,0,99
2000,11,"11","Kreis 11",1,"01","Verheiratetentarif",74,3,257
2000,11,"11","Kreis 11",2,"02","Einelternfamilientarif",3,0,39
2000,12,"12","Kreis 12",0,"00","Grundtarif",15,0,77
2000,12,"12","Kreis 12",1,"01","Verheiratetentarif",49,0,186
2000,12,"12","Kreis 12",2,"02","Einelternfamilientarif",0,0,20
2001,1,"1","Kreis 1",0,"00","Grundtarif",27,0,164
2001,1,"1","Kreis 1",1,"01","Verheiratetentarif",182.5,32,760
2001,1,"1","Kreis 1",2,"02","Einelternfamilientarif",49,3,330
2001,2,"2","Kreis 2",0,"00","Grundtarif",38,4,186
2001,2,"2","Kreis 2",1,"01","Verheiratetentarif",152,29.5,469
2001,2,"2","Kreis 2",2,"02","Einelternfamilientarif",10,0,71.5
2001,3,"3","Kreis 3",0,"00","Grundtarif",20,0,97
2001,3,"3","Kreis 3",1,"01","Verheiratetentarif",56,0,214
2001,3,"3","Kreis 3",2,"02","Einelternfamilientarif",3,0,36
2001,4,"4","Kreis 4",0,"00","Grundtarif",8,0,53
2001,4,"4","Kreis 4",1,"01","Verheiratetentarif",8,0,91
2001,4,"4","Kreis 4",2,"02","Einelternfamilientarif",0,0,14.5
2001,5,"5","Kreis 5",0,"00","Grundtarif",10,0,61
2001,5,"5","Kreis 5",1,"01","Verheiratetentarif",19,0,133
2001,5,"5","Kreis 5",2,"02","Einelternfamilientarif",0,0,32
2001,6,"6","Kreis 6",0,"00","Grundtarif",39,4,170
2001,6,"6","Kreis 6",1,"01","Verheiratetentarif",148,29,473
2001,6,"6","Kreis 6",2,"02","Einelternfamilientarif",25,0,108
2001,7,"7","Kreis 7",0,"00","Grundtarif",62,8,304
2001,7,"7","Kreis 7",1,"01","Verheiratetentarif",317.5,73,1089
2001,7,"7","Kreis 7",2,"02","Einelternfamilientarif",34.5,0,183
2001,8,"8","Kreis 8",0,"00","Grundtarif",41,3,193
2001,8,"8","Kreis 8",1,"01","Verheiratetentarif",198,33,660
2001,8,"8","Kreis 8",2,"02","Einelternfamilientarif",30.5,0,153.5
2001,9,"9","Kreis 9",0,"00","Grundtarif",22,0,112
2001,9,"9","Kreis 9",1,"01","Verheiratetentarif",78,1,261
2001,9,"9","Kreis 9",2,"02","Einelternfamilientarif",1,0,31
2001,10,"10","Kreis 10",0,"00","Grundtarif",34,2,160
2001,10,"10","Kreis 10",1,"01","Verheiratetentarif",134,22,429
2001,10,"10","Kreis 10",2,"02","Einelternfamilientarif",13.5,0,72
2001,11,"11","Kreis 11",0,"00","Grundtarif",19,0,99
2001,11,"11","Kreis 11",1,"01","Verheiratetentarif",73,2,253.63
2001,11,"11","Kreis 11",2,"02","Einelternfamilientarif",3,0,39
2001,12,"12","Kreis 12",0,"00","Grundtarif",16,0,80
2001,12,"12","Kreis 12",1,"01","Verheiratetentarif",47,0,183
2001,12,"12","Kreis 12",2,"02","Einelternfamilientarif",0,0,22
2002,1,"1","Kreis 1",0,"00","Grundtarif",27,0,170
2002,1,"1","Kreis 1",1,"01","Verheiratetentarif",183,23,664
2002,1,"1","Kreis 1",2,"02","Einelternfamilientarif",38,3,224
2002,2,"2","Kreis 2",0,"00","Grundtarif",35,3,171
2002,2,"2","Kreis 2",1,"01","Verheiratetentarif",150,28,446
2002,2,"2","Kreis 2",2,"02","Einelternfamilientarif",10,0,77
2002,3,"3","Kreis 3",0,"00","Grundtarif",19,0,94
2002,3,"3","Kreis 3",1,"01","Verheiratetentarif",54,0,205
2002,3,"3","Kreis 3",2,"02","Einelternfamilientarif",2,0,36
2002,4,"4","Kreis 4",0,"00","Grundtarif",6,0,51
2002,4,"4","Kreis 4",1,"01","Verheiratetentarif",6,0,86
2002,4,"4","Kreis 4",2,"02","Einelternfamilientarif",0,0,15
2002,5,"5","Kreis 5",0,"00","Grundtarif",10,0,61
2002,5,"5","Kreis 5",1,"01","Verheiratetentarif",19,0,135.2
2002,5,"5","Kreis 5",2,"02","Einelternfamilientarif",0,0,31.5
2002,6,"6","Kreis 6",0,"00","Grundtarif",38,4,161
2002,6,"6","Kreis 6",1,"01","Verheiratetentarif",140,25,461
2002,6,"6","Kreis 6",2,"02","Einelternfamilientarif",23,0,121
2002,7,"7","Kreis 7",0,"00","Grundtarif",58,7,286
2002,7,"7","Kreis 7",1,"01","Verheiratetentarif",299,70,1038
2002,7,"7","Kreis 7",2,"02","Einelternfamilientarif",41,1,198
2002,8,"8","Kreis 8",0,"00","Grundtarif",38,2,178
2002,8,"8","Kreis 8",1,"01","Verheiratetentarif",191.5,32,662
2002,8,"8","Kreis 8",2,"02","Einelternfamilientarif",26,0,128
2002,9,"9","Kreis 9",0,"00","Grundtarif",21,0,108
2002,9,"9","Kreis 9",1,"01","Verheiratetentarif",71,0,251
2002,9,"9","Kreis 9",2,"02","Einelternfamilientarif",1,0,31
2002,10,"10","Kreis 10",0,"00","Grundtarif",33,2,150
2002,10,"10","Kreis 10",1,"01","Verheiratetentarif",127,19,415
2002,10,"10","Kreis 10",2,"02","Einelternfamilientarif",13,0,68
2002,11,"11","Kreis 11",0,"00","Grundtarif",17,0,94
2002,11,"11","Kreis 11",1,"01","Verheiratetentarif",67,1,243
2002,11,"11","Kreis 11",2,"02","Einelternfamilientarif",3,0,37
2002,12,"12","Kreis 12",0,"00","Grundtarif",14,0,78
2002,12,"12","Kreis 12",1,"01","Verheiratetentarif",42,0,173
2002,12,"12","Kreis 12",2,"02","Einelternfamilientarif",0,0,19
2003,1,"1","Kreis 1",0,"00","Grundtarif",29,0,185
2003,1,"1","Kreis 1",1,"01","Verheiratetentarif",196,21,733
2003,1,"1","Kreis 1",2,"02","Einelternfamilientarif",40,0,197
2003,2,"2","Kreis 2",0,"00","Grundtarif",35.5,3,182
2003,2,"2","Kreis 2",1,"01","Verheiratetentarif",153,26,472
2003,2,"2","Kreis 2",2,"02","Einelternfamilientarif",13,0,84
2003,3,"3","Kreis 3",0,"00","Grundtarif",20,0,98
2003,3,"3","Kreis 3",1,"01","Verheiratetentarif",52,0,214
2003,3,"3","Kreis 3",2,"02","Einelternfamilientarif",2,0,36
2003,4,"4","Kreis 4",0,"00","Grundtarif",6,0,53
2003,4,"4","Kreis 4",1,"01","Verheiratetentarif",6,0,89
2003,4,"4","Kreis 4",2,"02","Einelternfamilientarif",0,0,15
2003,5,"5","Kreis 5",0,"00","Grundtarif",11,0,68
2003,5,"5","Kreis 5",1,"01","Verheiratetentarif",21,0,146
2003,5,"5","Kreis 5",2,"02","Einelternfamilientarif",1,0,43
2003,6,"6","Kreis 6",0,"00","Grundtarif",40,4,173
2003,6,"6","Kreis 6",1,"01","Verheiratetentarif",151,27,492
2003,6,"6","Kreis 6",2,"02","Einelternfamilientarif",25,0,126
2003,7,"7","Kreis 7",0,"00","Grundtarif",60,7,305
2003,7,"7","Kreis 7",1,"01","Verheiratetentarif",326,76,1120
2003,7,"7","Kreis 7",2,"02","Einelternfamilientarif",41,0,229
2003,8,"8","Kreis 8",0,"00","Grundtarif",41,2,195
2003,8,"8","Kreis 8",1,"01","Verheiratetentarif",198,34,712
2003,8,"8","Kreis 8",2,"02","Einelternfamilientarif",30.5,1,124
2003,9,"9","Kreis 9",0,"00","Grundtarif",21,0,114
2003,9,"9","Kreis 9",1,"01","Verheiratetentarif",73,1,263
2003,9,"9","Kreis 9",2,"02","Einelternfamilientarif",2,0,33
2003,10,"10","Kreis 10",0,"00","Grundtarif",33,2,159
2003,10,"10","Kreis 10",1,"01","Verheiratetentarif",140,22,451
2003,10,"10","Kreis 10",2,"02","Einelternfamilientarif",14,0,71
2003,11,"11","Kreis 11",0,"00","Grundtarif",18,0,96
2003,11,"11","Kreis 11",1,"01","Verheiratetentarif",68,0,248
2003,11,"11","Kreis 11",2,"02","Einelternfamilientarif",2,0,32
2003,12,"12","Kreis 12",0,"00","Grundtarif",14,0,78
2003,12,"12","Kreis 12",1,"01","Verheiratetentarif",42,0,175
2003,12,"12","Kreis 12",2,"02","Einelternfamilientarif",0,0,19
2004,1,"1","Kreis 1",0,"00","Grundtarif",27,0,186
2004,1,"1","Kreis 1",1,"01","Verheiratetentarif",198,32,791
2004,1,"1","Kreis 1",2,"02","Einelternfamilientarif",64,0,280
2004,2,"2","Kreis 2",0,"00","Grundtarif",35,2,183
2004,2,"2","Kreis 2",1,"01","Verheiratetentarif",152,25,484
2004,2,"2","Kreis 2",2,"02","Einelternfamilientarif",13,0,81
2004,3,"3","Kreis 3",0,"00","Grundtarif",20,0,100
2004,3,"3","Kreis 3",1,"01","Verheiratetentarif",52,0,216
2004,3,"3","Kreis 3",2,"02","Einelternfamilientarif",3,0,39
2004,4,"4","Kreis 4",0,"00","Grundtarif",6,0,54
2004,4,"4","Kreis 4",1,"01","Verheiratetentarif",4,0,85.5
2004,4,"4","Kreis 4",2,"02","Einelternfamilientarif",0,0,17
2004,5,"5","Kreis 5",0,"00","Grundtarif",13,0,73
2004,5,"5","Kreis 5",1,"01","Verheiratetentarif",20,0,155
2004,5,"5","Kreis 5",2,"02","Einelternfamilientarif",2,0,46.5
2004,6,"6","Kreis 6",0,"00","Grundtarif",41,4,178
2004,6,"6","Kreis 6",1,"01","Verheiratetentarif",152,26,489
2004,6,"6","Kreis 6",2,"02","Einelternfamilientarif",25,0,118
2004,7,"7","Kreis 7",0,"00","Grundtarif",61,7,317
2004,7,"7","Kreis 7",1,"01","Verheiratetentarif",336.5,79,1142
2004,7,"7","Kreis 7",2,"02","Einelternfamilientarif",42.5,0,227
2004,8,"8","Kreis 8",0,"00","Grundtarif",40,2,204
2004,8,"8","Kreis 8",1,"01","Verheiratetentarif",203,35,707
2004,8,"8","Kreis 8",2,"02","Einelternfamilientarif",36,0,177
2004,9,"9","Kreis 9",0,"00","Grundtarif",20,0,112
2004,9,"9","Kreis 9",1,"01","Verheiratetentarif",69,0,262
2004,9,"9","Kreis 9",2,"02","Einelternfamilientarif",1,0,32
2004,10,"10","Kreis 10",0,"00","Grundtarif",34,2,161
2004,10,"10","Kreis 10",1,"01","Verheiratetentarif",144,21,460
2004,10,"10","Kreis 10",2,"02","Einelternfamilientarif",13,0,76
2004,11,"11","Kreis 11",0,"00","Grundtarif",18,0,99
2004,11,"11","Kreis 11",1,"01","Verheiratetentarif",66,0,254
2004,11,"11","Kreis 11",2,"02","Einelternfamilientarif",2,0,34
2004,12,"12","Kreis 12",0,"00","Grundtarif",13,0,78
2004,12,"12","Kreis 12",1,"01","Verheiratetentarif",37,0,171
2004,12,"12","Kreis 12",2,"02","Einelternfamilientarif",0,0,13.5
2005,1,"1","Kreis 1",0,"00","Grundtarif",34,0,207
2005,1,"1","Kreis 1",1,"01","Verheiratetentarif",224,32,878
2005,1,"1","Kreis 1",2,"02","Einelternfamilientarif",28,0,177
2005,2,"2","Kreis 2",0,"00","Grundtarif",37,3,194
2005,2,"2","Kreis 2",1,"01","Verheiratetentarif",162,24,508
2005,2,"2","Kreis 2",2,"02","Einelternfamilientarif",14,0,82
2005,3,"3","Kreis 3",0,"00","Grundtarif",20,0,101
2005,3,"3","Kreis 3",1,"01","Verheiratetentarif",53,0,222
2005,3,"3","Kreis 3",2,"02","Einelternfamilientarif",3,0,41
2005,4,"4","Kreis 4",0,"00","Grundtarif",7,0,58
2005,4,"4","Kreis 4",1,"01","Verheiratetentarif",3,0,90
2005,4,"4","Kreis 4",2,"02","Einelternfamilientarif",0,0,23.5
2005,5,"5","Kreis 5",0,"00","Grundtarif",15,0,80
2005,5,"5","Kreis 5",1,"01","Verheiratetentarif",20,0,169
2005,5,"5","Kreis 5",2,"02","Einelternfamilientarif",4,0,59
2005,6,"6","Kreis 6",0,"00","Grundtarif",43,4,191
2005,6,"6","Kreis 6",1,"01","Verheiratetentarif",165,27,530
2005,6,"6","Kreis 6",2,"02","Einelternfamilientarif",27,0,116
2005,7,"7","Kreis 7",0,"00","Grundtarif",62,7,333
2005,7,"7","Kreis 7",1,"01","Verheiratetentarif",352,81,1218
2005,7,"7","Kreis 7",2,"02","Einelternfamilientarif",44,2,235
2005,8,"8","Kreis 8",0,"00","Grundtarif",43,3,216
2005,8,"8","Kreis 8",1,"01","Verheiratetentarif",217,32,731
2005,8,"8","Kreis 8",2,"02","Einelternfamilientarif",27,1,146
2005,9,"9","Kreis 9",0,"00","Grundtarif",19,0,112
2005,9,"9","Kreis 9",1,"01","Verheiratetentarif",67,0,268
2005,9,"9","Kreis 9",2,"02","Einelternfamilientarif",1,0,34
2005,10,"10","Kreis 10",0,"00","Grundtarif",35,2,168
2005,10,"10","Kreis 10",1,"01","Verheiratetentarif",146,20,489
2005,10,"10","Kreis 10",2,"02","Einelternfamilientarif",16,0,87
2005,11,"11","Kreis 11",0,"00","Grundtarif",17,0,100
2005,11,"11","Kreis 11",1,"01","Verheiratetentarif",65,0,265
2005,11,"11","Kreis 11",2,"02","Einelternfamilientarif",2,0,35
2005,12,"12","Kreis 12",0,"00","Grundtarif",11,0,75
2005,12,"12","Kreis 12",1,"01","Verheiratetentarif",32,0,168.5
2005,12,"12","Kreis 12",2,"02","Einelternfamilientarif",0,0,13
2006,1,"1","Kreis 1",0,"00","Grundtarif",30,0,211
2006,1,"1","Kreis 1",1,"01","Verheiratetentarif",275,42,943
2006,1,"1","Kreis 1",2,"02","Einelternfamilientarif",37,0,288.5
2006,2,"2","Kreis 2",0,"00","Grundtarif",38,3,200
2006,2,"2","Kreis 2",1,"01","Verheiratetentarif",167,25,541
2006,2,"2","Kreis 2",2,"02","Einelternfamilientarif",13,0,88
2006,3,"3","Kreis 3",0,"00","Grundtarif",20,0,105
2006,3,"3","Kreis 3",1,"01","Verheiratetentarif",52,0,227
2006,3,"3","Kreis 3",2,"02","Einelternfamilientarif",4,0,42
2006,4,"4","Kreis 4",0,"00","Grundtarif",7,0,59
2006,4,"4","Kreis 4",1,"01","Verheiratetentarif",3,0,92
2006,4,"4","Kreis 4",2,"02","Einelternfamilientarif",0,0,28
2006,5,"5","Kreis 5",0,"00","Grundtarif",16,0,82
2006,5,"5","Kreis 5",1,"01","Verheiratetentarif",26,0,187
2006,5,"5","Kreis 5",2,"02","Einelternfamilientarif",9,0,79
2006,6,"6","Kreis 6",0,"00","Grundtarif",43,4,195
2006,6,"6","Kreis 6",1,"01","Verheiratetentarif",174,31,560
2006,6,"6","Kreis 6",2,"02","Einelternfamilientarif",25,0,128
2006,7,"7","Kreis 7",0,"00","Grundtarif",67,7,352
2006,7,"7","Kreis 7",1,"01","Verheiratetentarif",383,88,1307
2006,7,"7","Kreis 7",2,"02","Einelternfamilientarif",44,2,230
2006,8,"8","Kreis 8",0,"00","Grundtarif",47,3,227
2006,8,"8","Kreis 8",1,"01","Verheiratetentarif",218,35,780
2006,8,"8","Kreis 8",2,"02","Einelternfamilientarif",25,0,152
2006,9,"9","Kreis 9",0,"00","Grundtarif",19,0,117
2006,9,"9","Kreis 9",1,"01","Verheiratetentarif",65,0,270
2006,9,"9","Kreis 9",2,"02","Einelternfamilientarif",1,0,38
2006,10,"10","Kreis 10",0,"00","Grundtarif",37,3,175
2006,10,"10","Kreis 10",1,"01","Verheiratetentarif",160,22,519
2006,10,"10","Kreis 10",2,"02","Einelternfamilientarif",16,0,78
2006,11,"11","Kreis 11",0,"00","Grundtarif",18,0,103
2006,11,"11","Kreis 11",1,"01","Verheiratetentarif",62,0,265
2006,11,"11","Kreis 11",2,"02","Einelternfamilientarif",3,0,37
2006,12,"12","Kreis 12",0,"00","Grundtarif",10,0,75
2006,12,"12","Kreis 12",1,"01","Verheiratetentarif",28,0,167
2006,12,"12","Kreis 12",2,"02","Einelternfamilientarif",0,0,14
2007,1,"1","Kreis 1",0,"00","Grundtarif",33,0,220
2007,1,"1","Kreis 1",1,"01","Verheiratetentarif",290,54,1022
2007,1,"1","Kreis 1",2,"02","Einelternfamilientarif",52,4,239
2007,2,"2","Kreis 2",0,"00","Grundtarif",39,3,203
2007,2,"2","Kreis 2",1,"01","Verheiratetentarif",172,24,552.5
2007,2,"2","Kreis 2",2,"02","Einelternfamilientarif",16,0,89
2007,3,"3","Kreis 3",0,"00","Grundtarif",21,0,103
2007,3,"3","Kreis 3",1,"01","Verheiratetentarif",53,0,232
2007,3,"3","Kreis 3",2,"02","Einelternfamilientarif",5.5,0,51.5
2007,4,"4","Kreis 4",0,"00","Grundtarif",8,0,60
2007,4,"4","Kreis 4",1,"01","Verheiratetentarif",4,0,99.5
2007,4,"4","Kreis 4",2,"02","Einelternfamilientarif",0,0,20
2007,5,"5","Kreis 5",0,"00","Grundtarif",17,0,88
2007,5,"5","Kreis 5",1,"01","Verheiratetentarif",31,0,201
2007,5,"5","Kreis 5",2,"02","Einelternfamilientarif",11,0,66
2007,6,"6","Kreis 6",0,"00","Grundtarif",44,5,197
2007,6,"6","Kreis 6",1,"01","Verheiratetentarif",182,32,582
2007,6,"6","Kreis 6",2,"02","Einelternfamilientarif",27,0,137
2007,7,"7","Kreis 7",0,"00","Grundtarif",70,8,353.5
2007,7,"7","Kreis 7",1,"01","Verheiratetentarif",394,91,1378
2007,7,"7","Kreis 7",2,"02","Einelternfamilientarif",45.5,2,272
2007,8,"8","Kreis 8",0,"00","Grundtarif",48,4,231
2007,8,"8","Kreis 8",1,"01","Verheiratetentarif",229,40,834
2007,8,"8","Kreis 8",2,"02","Einelternfamilientarif",39.5,1,192
2007,9,"9","Kreis 9",0,"00","Grundtarif",20,0,116
2007,9,"9","Kreis 9",1,"01","Verheiratetentarif",66,0,276
2007,9,"9","Kreis 9",2,"02","Einelternfamilientarif",1,0,35
2007,10,"10","Kreis 10",0,"00","Grundtarif",37,3,177
2007,10,"10","Kreis 10",1,"01","Verheiratetentarif",172,25,544
2007,10,"10","Kreis 10",2,"02","Einelternfamilientarif",15,0,89
2007,11,"11","Kreis 11",0,"00","Grundtarif",18,0,102
2007,11,"11","Kreis 11",1,"01","Verheiratetentarif",61,0,268
2007,11,"11","Kreis 11",2,"02","Einelternfamilientarif",1,0,34
2007,12,"12","Kreis 12",0,"00","Grundtarif",10,0,73
2007,12,"12","Kreis 12",1,"01","Verheiratetentarif",26,0,163
2007,12,"12","Kreis 12",2,"02","Einelternfamilientarif",0,0,14
2008,1,"1","Kreis 1",0,"00","Grundtarif",33,1,204
2008,1,"1","Kreis 1",1,"01","Verheiratetentarif",274,57,1028
2008,1,"1","Kreis 1",2,"02","Einelternfamilientarif",72,3,298
2008,2,"2","Kreis 2",0,"00","Grundtarif",38,3,184
2008,2,"2","Kreis 2",1,"01","Verheiratetentarif",162,24,507
2008,2,"2","Kreis 2",2,"02","Einelternfamilientarif",18,0,96.5
2008,3,"3","Kreis 3",0,"00","Grundtarif",21,0,99
2008,3,"3","Kreis 3",1,"01","Verheiratetentarif",53,0,228
2008,3,"3","Kreis 3",2,"02","Einelternfamilientarif",5,0,50
2008,4,"4","Kreis 4",0,"00","Grundtarif",9,0,59
2008,4,"4","Kreis 4",1,"01","Verheiratetentarif",4,0,92
2008,4,"4","Kreis 4",2,"02","Einelternfamilientarif",0,0,26
2008,5,"5","Kreis 5",0,"00","Grundtarif",19,0,86
2008,5,"5","Kreis 5",1,"01","Verheiratetentarif",32,0,190
2008,5,"5","Kreis 5",2,"02","Einelternfamilientarif",12,0,82
2008,6,"6","Kreis 6",0,"00","Grundtarif",42,4,177
2008,6,"6","Kreis 6",1,"01","Verheiratetentarif",175,33,552
2008,6,"6","Kreis 6",2,"02","Einelternfamilientarif",29,0,134
2008,7,"7","Kreis 7",0,"00","Grundtarif",65,8,323
2008,7,"7","Kreis 7",1,"01","Verheiratetentarif",375,86,1258
2008,7,"7","Kreis 7",2,"02","Einelternfamilientarif",47,2,236
2008,8,"8","Kreis 8",0,"00","Grundtarif",48,4,214
2008,8,"8","Kreis 8",1,"01","Verheiratetentarif",230,46,775
2008,8,"8","Kreis 8",2,"02","Einelternfamilientarif",36,1,196
2008,9,"9","Kreis 9",0,"00","Grundtarif",20,0,107
2008,9,"9","Kreis 9",1,"01","Verheiratetentarif",60,0,259
2008,9,"9","Kreis 9",2,"02","Einelternfamilientarif",2,0,38
2008,10,"10","Kreis 10",0,"00","Grundtarif",37,3,165
2008,10,"10","Kreis 10",1,"01","Verheiratetentarif",163,24,499.5
2008,10,"10","Kreis 10",2,"02","Einelternfamilientarif",18,0,93.5
2008,11,"11","Kreis 11",0,"00","Grundtarif",18,0,98
2008,11,"11","Kreis 11",1,"01","Verheiratetentarif",58,0,250
2008,11,"11","Kreis 11",2,"02","Einelternfamilientarif",2,0,36
2008,12,"12","Kreis 12",0,"00","Grundtarif",10,0,67
2008,12,"12","Kreis 12",1,"01","Verheiratetentarif",23,0,152
2008,12,"12","Kreis 12",2,"02","Einelternfamilientarif",0,0,14
2009,1,"1","Kreis 1",0,"00","Grundtarif",39,2,234.5
2009,1,"1","Kreis 1",1,"01","Verheiratetentarif",306,55,1115
2009,1,"1","Kreis 1",2,"02","Einelternfamilientarif",75,9,240
2009,2,"2","Kreis 2",0,"00","Grundtarif",40,3,197
2009,2,"2","Kreis 2",1,"01","Verheiratetentarif",183,29,557
2009,2,"2","Kreis 2",2,"02","Einelternfamilientarif",20.5,0,108
2009,3,"3","Kreis 3",0,"00","Grundtarif",22,0,106
2009,3,"3","Kreis 3",1,"01","Verheiratetentarif",61,0,250
2009,3,"3","Kreis 3",2,"02","Einelternfamilientarif",6,0,62
2009,4,"4","Kreis 4",0,"00","Grundtarif",10,0,64
2009,4,"4","Kreis 4",1,"01","Verheiratetentarif",6,0,105
2009,4,"4","Kreis 4",2,"02","Einelternfamilientarif",1,0,37
2009,5,"5","Kreis 5",0,"00","Grundtarif",19,0,94
2009,5,"5","Kreis 5",1,"01","Verheiratetentarif",39,0,221
2009,5,"5","Kreis 5",2,"02","Einelternfamilientarif",27,0,93
2009,6,"6","Kreis 6",0,"00","Grundtarif",44,5,187
2009,6,"6","Kreis 6",1,"01","Verheiratetentarif",195,41,623.5
2009,6,"6","Kreis 6",2,"02","Einelternfamilientarif",34.5,0,143
2009,7,"7","Kreis 7",0,"00","Grundtarif",69,8,337
2009,7,"7","Kreis 7",1,"01","Verheiratetentarif",439,100,1419
2009,7,"7","Kreis 7",2,"02","Einelternfamilientarif",70,4,295
2009,8,"8","Kreis 8",0,"00","Grundtarif",54,5,234
2009,8,"8","Kreis 8",1,"01","Verheiratetentarif",254,54,865
2009,8,"8","Kreis 8",2,"02","Einelternfamilientarif",47,1,243
2009,9,"9","Kreis 9",0,"00","Grundtarif",21,0,115
2009,9,"9","Kreis 9",1,"01","Verheiratetentarif",68,0,286
2009,9,"9","Kreis 9",2,"02","Einelternfamilientarif",3,0,44
2009,10,"10","Kreis 10",0,"00","Grundtarif",39,4,178
2009,10,"10","Kreis 10",1,"01","Verheiratetentarif",185.5,31,565
2009,10,"10","Kreis 10",2,"02","Einelternfamilientarif",23,0,127
2009,11,"11","Kreis 11",0,"00","Grundtarif",19,0,105
2009,11,"11","Kreis 11",1,"01","Verheiratetentarif",65,0,275
2009,11,"11","Kreis 11",2,"02","Einelternfamilientarif",3,0,45
2009,12,"12","Kreis 12",0,"00","Grundtarif",10,0,69
2009,12,"12","Kreis 12",1,"01","Verheiratetentarif",23,0,159
2009,12,"12","Kreis 12",2,"02","Einelternfamilientarif",0,0,17
2010,1,"1","Kreis 1",0,"00","Grundtarif",37,1,234
2010,1,"1","Kreis 1",1,"01","Verheiratetentarif",307,64,1059
2010,1,"1","Kreis 1",2,"02","Einelternfamilientarif",61.5,5,230
2010,2,"2","Kreis 2",0,"00","Grundtarif",41,4,199
2010,2,"2","Kreis 2",1,"01","Verheiratetentarif",190,33,572
2010,2,"2","Kreis 2",2,"02","Einelternfamilientarif",19,0,96
2010,3,"3","Kreis 3",0,"00","Grundtarif",24,0,110
2010,3,"3","Kreis 3",1,"01","Verheiratetentarif",65,0,264
2010,3,"3","Kreis 3",2,"02","Einelternfamilientarif",8,0,67
2010,4,"4","Kreis 4",0,"00","Grundtarif",10,0,65
2010,4,"4","Kreis 4",1,"01","Verheiratetentarif",6,0,107
2010,4,"4","Kreis 4",2,"02","Einelternfamilientarif",1,0,42.5
2010,5,"5","Kreis 5",0,"00","Grundtarif",20,0,100
2010,5,"5","Kreis 5",1,"01","Verheiratetentarif",43,0,251
2010,5,"5","Kreis 5",2,"02","Einelternfamilientarif",32.5,0,104
2010,6,"6","Kreis 6",0,"00","Grundtarif",45,5,190
2010,6,"6","Kreis 6",1,"01","Verheiratetentarif",210,40,639
2010,6,"6","Kreis 6",2,"02","Einelternfamilientarif",37,0,166
2010,7,"7","Kreis 7",0,"00","Grundtarif",70,8,347
2010,7,"7","Kreis 7",1,"01","Verheiratetentarif",447,100,1473
2010,7,"7","Kreis 7",2,"02","Einelternfamilientarif",70,4,283
2010,8,"8","Kreis 8",0,"00","Grundtarif",55,5,245
2010,8,"8","Kreis 8",1,"01","Verheiratetentarif",270.5,60,894
2010,8,"8","Kreis 8",2,"02","Einelternfamilientarif",45,1,202
2010,9,"9","Kreis 9",0,"00","Grundtarif",21,0,115
2010,9,"9","Kreis 9",1,"01","Verheiratetentarif",67,0,287
2010,9,"9","Kreis 9",2,"02","Einelternfamilientarif",4,0,50
2010,10,"10","Kreis 10",0,"00","Grundtarif",41,4,181
2010,10,"10","Kreis 10",1,"01","Verheiratetentarif",191,30,571
2010,10,"10","Kreis 10",2,"02","Einelternfamilientarif",25.5,0,115.5
2010,11,"11","Kreis 11",0,"00","Grundtarif",19,0,106
2010,11,"11","Kreis 11",1,"01","Verheiratetentarif",67,0,274
2010,11,"11","Kreis 11",2,"02","Einelternfamilientarif",2,0,43
2010,12,"12","Kreis 12",0,"00","Grundtarif",11,0,69
2010,12,"12","Kreis 12",1,"01","Verheiratetentarif",23,0,164
2010,12,"12","Kreis 12",2,"02","Einelternfamilientarif",0,0,14
2011,1,"1","Kreis 1",0,"00","Grundtarif",46,2,266
2011,1,"1","Kreis 1",1,"01","Verheiratetentarif",329,70,1135
2011,1,"1","Kreis 1",2,"02","Einelternfamilientarif",71.5,8,292
2011,2,"2","Kreis 2",0,"00","Grundtarif",40,3,200
2011,2,"2","Kreis 2",1,"01","Verheiratetentarif",190,29,586
2011,2,"2","Kreis 2",2,"02","Einelternfamilientarif",21,0,103
2011,3,"3","Kreis 3",0,"00","Grundtarif",25,0,117
2011,3,"3","Kreis 3",1,"01","Verheiratetentarif",68,1,279
2011,3,"3","Kreis 3",2,"02","Einelternfamilientarif",8,0,64
2011,4,"4","Kreis 4",0,"00","Grundtarif",11,0,70
2011,4,"4","Kreis 4",1,"01","Verheiratetentarif",8,0,114
2011,4,"4","Kreis 4",2,"02","Einelternfamilientarif",2,0,55
2011,5,"5","Kreis 5",0,"00","Grundtarif",20,0,101
2011,5,"5","Kreis 5",1,"01","Verheiratetentarif",53,0,275
2011,5,"5","Kreis 5",2,"02","Einelternfamilientarif",31,0,131
2011,6,"6","Kreis 6",0,"00","Grundtarif",45,4,198
2011,6,"6","Kreis 6",1,"01","Verheiratetentarif",220,46,663
2011,6,"6","Kreis 6",2,"02","Einelternfamilientarif",43,3,175
2011,7,"7","Kreis 7",0,"00","Grundtarif",72,8,361
2011,7,"7","Kreis 7",1,"01","Verheiratetentarif",462,106,1532
2011,7,"7","Kreis 7",2,"02","Einelternfamilientarif",71,5,288
2011,8,"8","Kreis 8",0,"00","Grundtarif",58,6,254
2011,8,"8","Kreis 8",1,"01","Verheiratetentarif",280,56,907
2011,8,"8","Kreis 8",2,"02","Einelternfamilientarif",50,1,225
2011,9,"9","Kreis 9",0,"00","Grundtarif",21,0,116
2011,9,"9","Kreis 9",1,"01","Verheiratetentarif",66,0,286
2011,9,"9","Kreis 9",2,"02","Einelternfamilientarif",5,0,51.5
2011,10,"10","Kreis 10",0,"00","Grundtarif",43,4,188
2011,10,"10","Kreis 10",1,"01","Verheiratetentarif",192,32,580
2011,10,"10","Kreis 10",2,"02","Einelternfamilientarif",32,0,121
2011,11,"11","Kreis 11",0,"00","Grundtarif",20,0,109
2011,11,"11","Kreis 11",1,"01","Verheiratetentarif",66,0,278
2011,11,"11","Kreis 11",2,"02","Einelternfamilientarif",3,0,46
2011,12,"12","Kreis 12",0,"00","Grundtarif",10,0,68
2011,12,"12","Kreis 12",1,"01","Verheiratetentarif",24,0,167
2011,12,"12","Kreis 12",2,"02","Einelternfamilientarif",0,0,15
2012,1,"1","Kreis 1",0,"00","Grundtarif",45.5,2,280
2012,1,"1","Kreis 1",1,"01","Verheiratetentarif",334,70,1292
2012,1,"1","Kreis 1",2,"02","Einelternfamilientarif",63,8,342
2012,2,"2","Kreis 2",0,"00","Grundtarif",40,3,202
2012,2,"2","Kreis 2",1,"01","Verheiratetentarif",199,32,624
2012,2,"2","Kreis 2",2,"02","Einelternfamilientarif",24,0,109
2012,3,"3","Kreis 3",0,"00","Grundtarif",26,0,121
2012,3,"3","Kreis 3",1,"01","Verheiratetentarif",74,1,298
2012,3,"3","Kreis 3",2,"02","Einelternfamilientarif",12,0,80
2012,4,"4","Kreis 4",0,"00","Grundtarif",12,0,73
2012,4,"4","Kreis 4",1,"01","Verheiratetentarif",9,0,121
2012,4,"4","Kreis 4",2,"02","Einelternfamilientarif",2,0,70
2012,5,"5","Kreis 5",0,"00","Grundtarif",23,0,106
2012,5,"5","Kreis 5",1,"01","Verheiratetentarif",63.5,0,291.5
2012,5,"5","Kreis 5",2,"02","Einelternfamilientarif",39,0,129
2012,6,"6","Kreis 6",0,"00","Grundtarif",47,5,204
2012,6,"6","Kreis 6",1,"01","Verheiratetentarif",230,47,705
2012,6,"6","Kreis 6",2,"02","Einelternfamilientarif",44.5,3,204
2012,7,"7","Kreis 7",0,"00","Grundtarif",73,8,377
2012,7,"7","Kreis 7",1,"01","Verheiratetentarif",475,110,1583
2012,7,"7","Kreis 7",2,"02","Einelternfamilientarif",82,6,316
2012,8,"8","Kreis 8",0,"00","Grundtarif",63,6,271
2012,8,"8","Kreis 8",1,"01","Verheiratetentarif",303,61.5,991
2012,8,"8","Kreis 8",2,"02","Einelternfamilientarif",48,1,227.5
2012,9,"9","Kreis 9",0,"00","Grundtarif",21,0,119
2012,9,"9","Kreis 9",1,"01","Verheiratetentarif",68,0,303
2012,9,"9","Kreis 9",2,"02","Einelternfamilientarif",4,0,53
2012,10,"10","Kreis 10",0,"00","Grundtarif",44,4,192
2012,10,"10","Kreis 10",1,"01","Verheiratetentarif",204,37,616.5
2012,10,"10","Kreis 10",2,"02","Einelternfamilientarif",32,0,130
2012,11,"11","Kreis 11",0,"00","Grundtarif",21,0,110
2012,11,"11","Kreis 11",1,"01","Verheiratetentarif",70,0,287
2012,11,"11","Kreis 11",2,"02","Einelternfamilientarif",3,0,43
2012,12,"12","Kreis 12",0,"00","Grundtarif",10,0,71
2012,12,"12","Kreis 12",1,"01","Verheiratetentarif",22,0,163
2012,12,"12","Kreis 12",2,"02","Einelternfamilientarif",0,0,13
2013,1,"1","Kreis 1",0,"00","Grundtarif",47.5,3,286
2013,1,"1","Kreis 1",1,"01","Verheiratetentarif",336,63,1317
2013,1,"1","Kreis 1",2,"02","Einelternfamilientarif",82,13,374
2013,2,"2","Kreis 2",0,"00","Grundtarif",43,3,214
2013,2,"2","Kreis 2",1,"01","Verheiratetentarif",203,36,656
2013,2,"2","Kreis 2",2,"02","Einelternfamilientarif",24,0,124.5
2013,3,"3","Kreis 3",0,"00","Grundtarif",27,0,126
2013,3,"3","Kreis 3",1,"01","Verheiratetentarif",76,1,312
2013,3,"3","Kreis 3",2,"02","Einelternfamilientarif",19,0,92
2013,4,"4","Kreis 4",0,"00","Grundtarif",13,0,78
2013,4,"4","Kreis 4",1,"01","Verheiratetentarif",10,0,123
2013,4,"4","Kreis 4",2,"02","Einelternfamilientarif",4,0,69
2013,5,"5","Kreis 5",0,"00","Grundtarif",26,0,116
2013,5,"5","Kreis 5",1,"01","Verheiratetentarif",75,0,313
2013,5,"5","Kreis 5",2,"02","Einelternfamilientarif",49,0,158.5
2013,6,"6","Kreis 6",0,"00","Grundtarif",48,5,207
2013,6,"6","Kreis 6",1,"01","Verheiratetentarif",247.5,50,754
2013,6,"6","Kreis 6",2,"02","Einelternfamilientarif",54,4,217
2013,7,"7","Kreis 7",0,"00","Grundtarif",77,8,391
2013,7,"7","Kreis 7",1,"01","Verheiratetentarif",483,111,1625
2013,7,"7","Kreis 7",2,"02","Einelternfamilientarif",87,7,331.5
2013,8,"8","Kreis 8",0,"00","Grundtarif",61,6,277
2013,8,"8","Kreis 8",1,"01","Verheiratetentarif",315,65,1017
2013,8,"8","Kreis 8",2,"02","Einelternfamilientarif",56,1,230
2013,9,"9","Kreis 9",0,"00","Grundtarif",21,0,119
2013,9,"9","Kreis 9",1,"01","Verheiratetentarif",73,0,312
2013,9,"9","Kreis 9",2,"02","Einelternfamilientarif",5,0,61
2013,10,"10","Kreis 10",0,"00","Grundtarif",43,4,198
2013,10,"10","Kreis 10",1,"01","Verheiratetentarif",215,39,652
2013,10,"10","Kreis 10",2,"02","Einelternfamilientarif",36,0,147
2013,11,"11","Kreis 11",0,"00","Grundtarif",21,0,111
2013,11,"11","Kreis 11",1,"01","Verheiratetentarif",72,1,297
2013,11,"11","Kreis 11",2,"02","Einelternfamilientarif",3,0,49.5
2013,12,"12","Kreis 12",0,"00","Grundtarif",10,0,71
2013,12,"12","Kreis 12",1,"01","Verheiratetentarif",22,0,169
2013,12,"12","Kreis 12",2,"02","Einelternfamilientarif",0,0,14
2014,1,"1","Kreis 1",0,"00","Grundtarif",45,2,281
2014,1,"1","Kreis 1",1,"01","Verheiratetentarif",361,78,1434
2014,1,"1","Kreis 1",2,"02","Einelternfamilientarif",70,6,365
2014,2,"2","Kreis 2",0,"00","Grundtarif",43,3,222
2014,2,"2","Kreis 2",1,"01","Verheiratetentarif",200,34,655
2014,2,"2","Kreis 2",2,"02","Einelternfamilientarif",27,0,121
2014,3,"3","Kreis 3",0,"00","Grundtarif",28,0,130
2014,3,"3","Kreis 3",1,"01","Verheiratetentarif",87,4,333
2014,3,"3","Kreis 3",2,"02","Einelternfamilientarif",20,0,110
2014,4,"4","Kreis 4",0,"00","Grundtarif",13,0,81
2014,4,"4","Kreis 4",1,"01","Verheiratetentarif",14,0,141
2014,4,"4","Kreis 4",2,"02","Einelternfamilientarif",5,0,67
2014,5,"5","Kreis 5",0,"00","Grundtarif",26,0,123
2014,5,"5","Kreis 5",1,"01","Verheiratetentarif",98,1,344
2014,5,"5","Kreis 5",2,"02","Einelternfamilientarif",39,0,174
2014,6,"6","Kreis 6",0,"00","Grundtarif",48,4,214
2014,6,"6","Kreis 6",1,"01","Verheiratetentarif",248,52,730
2014,6,"6","Kreis 6",2,"02","Einelternfamilientarif",57,4,248
2014,7,"7","Kreis 7",0,"00","Grundtarif",79,9,407
2014,7,"7","Kreis 7",1,"01","Verheiratetentarif",480,110,1588
2014,7,"7","Kreis 7",2,"02","Einelternfamilientarif",88.5,9,379
2014,8,"8","Kreis 8",0,"00","Grundtarif",62,6,292
2014,8,"8","Kreis 8",1,"01","Verheiratetentarif",331.5,75,1047
2014,8,"8","Kreis 8",2,"02","Einelternfamilientarif",69,6,308
2014,9,"9","Kreis 9",0,"00","Grundtarif",23,0,124
2014,9,"9","Kreis 9",1,"01","Verheiratetentarif",72,0,307
2014,9,"9","Kreis 9",2,"02","Einelternfamilientarif",7,0,68
2014,10,"10","Kreis 10",0,"00","Grundtarif",45,4,203
2014,10,"10","Kreis 10",1,"01","Verheiratetentarif",218,41,649
2014,10,"10","Kreis 10",2,"02","Einelternfamilientarif",35,0,149.5
2014,11,"11","Kreis 11",0,"00","Grundtarif",21,0,117
2014,11,"11","Kreis 11",1,"01","Verheiratetentarif",74,1,304
2014,11,"11","Kreis 11",2,"02","Einelternfamilientarif",4,0,54
2014,12,"12","Kreis 12",0,"00","Grundtarif",11,0,72
2014,12,"12","Kreis 12",1,"01","Verheiratetentarif",22,0,163
2014,12,"12","Kreis 12",2,"02","Einelternfamilientarif",0,0,15
2015,1,"1","Kreis 1",0,"00","Grundtarif",50,3,294
2015,1,"1","Kreis 1",1,"01","Verheiratetentarif",348,73.5,1379.5
2015,1,"1","Kreis 1",2,"02","Einelternfamilientarif",87,11,495
2015,2,"2","Kreis 2",0,"00","Grundtarif",45,4,229
2015,2,"2","Kreis 2",1,"01","Verheiratetentarif",209.5,37,651
2015,2,"2","Kreis 2",2,"02","Einelternfamilientarif",27,0,136
2015,3,"3","Kreis 3",0,"00","Grundtarif",29,1,133
2015,3,"3","Kreis 3",1,"01","Verheiratetentarif",91,4,337
2015,3,"3","Kreis 3",2,"02","Einelternfamilientarif",23,0,120
2015,4,"4","Kreis 4",0,"00","Grundtarif",14,0,83
2015,4,"4","Kreis 4",1,"01","Verheiratetentarif",19,0,153
2015,4,"4","Kreis 4",2,"02","Einelternfamilientarif",6,0,69
2015,5,"5","Kreis 5",0,"00","Grundtarif",28,1,129
2015,5,"5","Kreis 5",1,"01","Verheiratetentarif",111,5,394
2015,5,"5","Kreis 5",2,"02","Einelternfamilientarif",43.5,0,180
2015,6,"6","Kreis 6",0,"00","Grundtarif",49,4,212
2015,6,"6","Kreis 6",1,"01","Verheiratetentarif",255,55,746
2015,6,"6","Kreis 6",2,"02","Einelternfamilientarif",56,4,236
2015,7,"7","Kreis 7",0,"00","Grundtarif",79,9,403
2015,7,"7","Kreis 7",1,"01","Verheiratetentarif",488,116,1612
2015,7,"7","Kreis 7",2,"02","Einelternfamilientarif",101,10,406
2015,8,"8","Kreis 8",0,"00","Grundtarif",63,6,292
2015,8,"8","Kreis 8",1,"01","Verheiratetentarif",350,82.5,1122
2015,8,"8","Kreis 8",2,"02","Einelternfamilientarif",67,5,315
2015,9,"9","Kreis 9",0,"00","Grundtarif",23,0,125
2015,9,"9","Kreis 9",1,"01","Verheiratetentarif",77,1,313
2015,9,"9","Kreis 9",2,"02","Einelternfamilientarif",7,0,78
2015,10,"10","Kreis 10",0,"00","Grundtarif",45,4,208
2015,10,"10","Kreis 10",1,"01","Verheiratetentarif",219,43,666
2015,10,"10","Kreis 10",2,"02","Einelternfamilientarif",44,1,167
2015,11,"11","Kreis 11",0,"00","Grundtarif",22,0,118
2015,11,"11","Kreis 11",1,"01","Verheiratetentarif",76,2,304
2015,11,"11","Kreis 11",2,"02","Einelternfamilientarif",5,0,60
2015,12,"12","Kreis 12",0,"00","Grundtarif",12,0,74
2015,12,"12","Kreis 12",1,"01","Verheiratetentarif",22,0,164.5
2015,12,"12","Kreis 12",2,"02","Einelternfamilientarif",0,0,20
2016,1,"1","Kreis 1",0,"00","Grundtarif",47,2,294
2016,1,"1","Kreis 1",1,"01","Verheiratetentarif",406,96,1438
2016,1,"1","Kreis 1",2,"02","Einelternfamilientarif",110,4.5,366.5
2016,2,"2","Kreis 2",0,"00","Grundtarif",47.12,4,229
2016,2,"2","Kreis 2",1,"01","Verheiratetentarif",218,41,684
2016,2,"2","Kreis 2",2,"02","Einelternfamilientarif",29,1,156
2016,3,"3","Kreis 3",0,"00","Grundtarif",31,1,138
2016,3,"3","Kreis 3",1,"01","Verheiratetentarif",112,8,371
2016,3,"3","Kreis 3",2,"02","Einelternfamilientarif",33,0,135.5
2016,4,"4","Kreis 4",0,"00","Grundtarif",17,0,90
2016,4,"4","Kreis 4",1,"01","Verheiratetentarif",34,0,195
2016,4,"4","Kreis 4",2,"02","Einelternfamilientarif",12,0,100
2016,5,"5","Kreis 5",0,"00","Grundtarif",33,1,141
2016,5,"5","Kreis 5",1,"01","Verheiratetentarif",136,8,424.5
2016,5,"5","Kreis 5",2,"02","Einelternfamilientarif",51,3,219
2016,6,"6","Kreis 6",0,"00","Grundtarif",52,5,222
2016,6,"6","Kreis 6",1,"01","Verheiratetentarif",274,61,782
2016,6,"6","Kreis 6",2,"02","Einelternfamilientarif",62,5,254
2016,7,"7","Kreis 7",0,"00","Grundtarif",81,10,415
2016,7,"7","Kreis 7",1,"01","Verheiratetentarif",498,123.5,1638
2016,7,"7","Kreis 7",2,"02","Einelternfamilientarif",111,13,441
2016,8,"8","Kreis 8",0,"00","Grundtarif",65,6,297
2016,8,"8","Kreis 8",1,"01","Verheiratetentarif",361.5,85.5,1140
2016,8,"8","Kreis 8",2,"02","Einelternfamilientarif",80,10,327
2016,9,"9","Kreis 9",0,"00","Grundtarif",25,0,130
2016,9,"9","Kreis 9",1,"01","Verheiratetentarif",89,4,332
2016,9,"9","Kreis 9",2,"02","Einelternfamilientarif",12,0,94
2016,10,"10","Kreis 10",0,"00","Grundtarif",47,5,211
2016,10,"10","Kreis 10",1,"01","Verheiratetentarif",229,51,685.5
2016,10,"10","Kreis 10",2,"02","Einelternfamilientarif",52,3,183
2016,11,"11","Kreis 11",0,"00","Grundtarif",22,0,121
2016,11,"11","Kreis 11",1,"01","Verheiratetentarif",83,3,323
2016,11,"11","Kreis 11",2,"02","Einelternfamilientarif",6,0,68
2016,12,"12","Kreis 12",0,"00","Grundtarif",12,0,76
2016,12,"12","Kreis 12",1,"01","Verheiratetentarif",31,0,188
2016,12,"12","Kreis 12",2,"02","Einelternfamilientarif",0,0,22
2017,1,"1","Kreis 1",0,"00","Grundtarif",46,3,292
2017,1,"1","Kreis 1",1,"01","Verheiratetentarif",402.5,92,1586
2017,1,"1","Kreis 1",2,"02","Einelternfamilientarif",72,4,408
2017,2,"2","Kreis 2",0,"00","Grundtarif",46,4,231
2017,2,"2","Kreis 2",1,"01","Verheiratetentarif",232,42,717
2017,2,"2","Kreis 2",2,"02","Einelternfamilientarif",31,1,172
2017,3,"3","Kreis 3",0,"00","Grundtarif",32,1,145
2017,3,"3","Kreis 3",1,"01","Verheiratetentarif",125,11,408
2017,3,"3","Kreis 3",2,"02","Einelternfamilientarif",31,0,146
2017,4,"4","Kreis 4",0,"00","Grundtarif",18,0,98
2017,4,"4","Kreis 4",1,"01","Verheiratetentarif",49,0,242
2017,4,"4","Kreis 4",2,"02","Einelternfamilientarif",15,0,108
2017,5,"5","Kreis 5",0,"00","Grundtarif",34,2,149
2017,5,"5","Kreis 5",1,"01","Verheiratetentarif",156,17,497
2017,5,"5","Kreis 5",2,"02","Einelternfamilientarif",51,1,229
2017,6,"6","Kreis 6",0,"00","Grundtarif",52,5,225
2017,6,"6","Kreis 6",1,"01","Verheiratetentarif",287,65,827
2017,6,"6","Kreis 6",2,"02","Einelternfamilientarif",70.5,5,264
2017,7,"7","Kreis 7",0,"00","Grundtarif",80,10,420
2017,7,"7","Kreis 7",1,"01","Verheiratetentarif",538,131,1734
2017,7,"7","Kreis 7",2,"02","Einelternfamilientarif",115.5,15,445
2017,8,"8","Kreis 8",0,"00","Grundtarif",68,7,313
2017,8,"8","Kreis 8",1,"01","Verheiratetentarif",392,100,1281
2017,8,"8","Kreis 8",2,"02","Einelternfamilientarif",89,8,374
2017,9,"9","Kreis 9",0,"00","Grundtarif",26,0,132
2017,9,"9","Kreis 9",1,"01","Verheiratetentarif",98,6,356
2017,9,"9","Kreis 9",2,"02","Einelternfamilientarif",14.5,0,108
2017,10,"10","Kreis 10",0,"00","Grundtarif",47,5,216
2017,10,"10","Kreis 10",1,"01","Verheiratetentarif",241.5,55,706.5
2017,10,"10","Kreis 10",2,"02","Einelternfamilientarif",56,4,215
2017,11,"11","Kreis 11",0,"00","Grundtarif",22,0,123
2017,11,"11","Kreis 11",1,"01","Verheiratetentarif",91,3,350
2017,11,"11","Kreis 11",2,"02","Einelternfamilientarif",7,0,85
2017,12,"12","Kreis 12",0,"00","Grundtarif",13,0,77
2017,12,"12","Kreis 12",1,"01","Verheiratetentarif",37,0,201
2017,12,"12","Kreis 12",2,"02","Einelternfamilientarif",1,0,26
2018,1,"1","Kreis 1",0,"00","Grundtarif",46,2,292
2018,1,"1","Kreis 1",1,"01","Verheiratetentarif",397,84,1554.5
2018,1,"1","Kreis 1",2,"02","Einelternfamilientarif",89,3,416
2018,2,"2","Kreis 2",0,"00","Grundtarif",46,4,225
2018,2,"2","Kreis 2",1,"01","Verheiratetentarif",225,41,701
2018,2,"2","Kreis 2",2,"02","Einelternfamilientarif",42,2,189
2018,3,"3","Kreis 3",0,"00","Grundtarif",34,2,145
2018,3,"3","Kreis 3",1,"01","Verheiratetentarif",128,12,429
2018,3,"3","Kreis 3",2,"02","Einelternfamilientarif",36,0,146
2018,4,"4","Kreis 4",0,"00","Grundtarif",20,0,98
2018,4,"4","Kreis 4",1,"01","Verheiratetentarif",56,0,264
2018,4,"4","Kreis 4",2,"02","Einelternfamilientarif",17,0,114
2018,5,"5","Kreis 5",0,"00","Grundtarif",36,2,155
2018,5,"5","Kreis 5",1,"01","Verheiratetentarif",169,20,516
2018,5,"5","Kreis 5",2,"02","Einelternfamilientarif",64,3,240
2018,6,"6","Kreis 6",0,"00","Grundtarif",52,5,221
2018,6,"6","Kreis 6",1,"01","Verheiratetentarif",295,70,863
2018,6,"6","Kreis 6",2,"02","Einelternfamilientarif",77,8,244.5
2018,7,"7","Kreis 7",0,"00","Grundtarif",79,10,407
2018,7,"7","Kreis 7",1,"01","Verheiratetentarif",507,128,1600
2018,7,"7","Kreis 7",2,"02","Einelternfamilientarif",124.5,17,469
2018,8,"8","Kreis 8",0,"00","Grundtarif",71,8,314
2018,8,"8","Kreis 8",1,"01","Verheiratetentarif",385,94,1188.5
2018,8,"8","Kreis 8",2,"02","Einelternfamilientarif",96,10,403
2018,9,"9","Kreis 9",0,"00","Grundtarif",27,0,132
2018,9,"9","Kreis 9",1,"01","Verheiratetentarif",102,7,362
2018,9,"9","Kreis 9",2,"02","Einelternfamilientarif",17,0,118.5
2018,10,"10","Kreis 10",0,"00","Grundtarif",47,5,211
2018,10,"10","Kreis 10",1,"01","Verheiratetentarif",245,53,704
2018,10,"10","Kreis 10",2,"02","Einelternfamilientarif",55,4,223
2018,11,"11","Kreis 11",0,"00","Grundtarif",22,0,125
2018,11,"11","Kreis 11",1,"01","Verheiratetentarif",94,4,349.5
2018,11,"11","Kreis 11",2,"02","Einelternfamilientarif",8,0,89
2018,12,"12","Kreis 12",0,"00","Grundtarif",12,0,77
2018,12,"12","Kreis 12",1,"01","Verheiratetentarif",39,0,204
2018,12,"12","Kreis 12",2,"02","Einelternfamilientarif",1,0,28
2019,1,"1","Kreis 1",0,"00","Grundtarif",51,3,303
2019,1,"1","Kreis 1",1,"01","Verheiratetentarif",448,87,1584
2019,1,"1","Kreis 1",2,"02","Einelternfamilientarif",77,1,436
2019,2,"2","Kreis 2",0,"00","Grundtarif",47,4,239
2019,2,"2","Kreis 2",1,"01","Verheiratetentarif",245,48,737
2019,2,"2","Kreis 2",2,"02","Einelternfamilientarif",45,2,200
2019,3,"3","Kreis 3",0,"00","Grundtarif",35,2,154
2019,3,"3","Kreis 3",1,"01","Verheiratetentarif",136,15,458
2019,3,"3","Kreis 3",2,"02","Einelternfamilientarif",42,0,159
2019,4,"4","Kreis 4",0,"00","Grundtarif",22,0,107
2019,4,"4","Kreis 4",1,"01","Verheiratetentarif",65,0,297
2019,4,"4","Kreis 4",2,"02","Einelternfamilientarif",26.5,0,144
2019,5,"5","Kreis 5",0,"00","Grundtarif",40,2,167
2019,5,"5","Kreis 5",1,"01","Verheiratetentarif",205,31,599
2019,5,"5","Kreis 5",2,"02","Einelternfamilientarif",68,7,245
2019,6,"6","Kreis 6",0,"00","Grundtarif",54,6,229
2019,6,"6","Kreis 6",1,"01","Verheiratetentarif",317.5,73,907
2019,6,"6","Kreis 6",2,"02","Einelternfamilientarif",83,10,275
2019,7,"7","Kreis 7",0,"00","Grundtarif",81.5,10,424
2019,7,"7","Kreis 7",1,"01","Verheiratetentarif",527.5,136,1727
2019,7,"7","Kreis 7",2,"02","Einelternfamilientarif",129.5,18,490
2019,8,"8","Kreis 8",0,"00","Grundtarif",71,8,320
2019,8,"8","Kreis 8",1,"01","Verheiratetentarif",418,105,1267
2019,8,"8","Kreis 8",2,"02","Einelternfamilientarif",111,11,442
2019,9,"9","Kreis 9",0,"00","Grundtarif",29,0,138
2019,9,"9","Kreis 9",1,"01","Verheiratetentarif",110,8,377
2019,9,"9","Kreis 9",2,"02","Einelternfamilientarif",20,0,122.5
2019,10,"10","Kreis 10",0,"00","Grundtarif",50,5,218
2019,10,"10","Kreis 10",1,"01","Verheiratetentarif",251,61,746
2019,10,"10","Kreis 10",2,"02","Einelternfamilientarif",60,4,248
2019,11,"11","Kreis 11",0,"00","Grundtarif",24,0,131
2019,11,"11","Kreis 11",1,"01","Verheiratetentarif",101,5,376
2019,11,"11","Kreis 11",2,"02","Einelternfamilientarif",8,0,97
2019,12,"12","Kreis 12",0,"00","Grundtarif",13,0,78
2019,12,"12","Kreis 12",1,"01","Verheiratetentarif",40,0,208
2019,12,"12","Kreis 12",2,"02","Einelternfamilientarif",2,0,35
2020,1,"1","Kreis 1",0,"00","Grundtarif",55,4,330
2020,1,"1","Kreis 1",1,"01","Verheiratetentarif",466,114,1530
2020,1,"1","Kreis 1",2,"02","Einelternfamilientarif",70,5,418
2020,2,"2","Kreis 2",0,"00","Grundtarif",55,5,245
2020,2,"2","Kreis 2",1,"01","Verheiratetentarif",261,56,778
2020,2,"2","Kreis 2",2,"02","Einelternfamilientarif",56,3,236
2020,3,"3","Kreis 3",0,"00","Grundtarif",41,3,170
2020,3,"3","Kreis 3",1,"01","Verheiratetentarif",151,18,487
2020,3,"3","Kreis 3",2,"02","Einelternfamilientarif",45,2,187
2020,4,"4","Kreis 4",0,"00","Grundtarif",27,0,121
2020,4,"4","Kreis 4",1,"01","Verheiratetentarif",79,1,316
2020,4,"4","Kreis 4",2,"02","Einelternfamilientarif",33,0,167.5
2020,5,"5","Kreis 5",0,"00","Grundtarif",44.5,4,187
2020,5,"5","Kreis 5",1,"01","Verheiratetentarif",220,38,646
2020,5,"5","Kreis 5",2,"02","Einelternfamilientarif",83,8,291
2020,6,"6","Kreis 6",0,"00","Grundtarif",61,7,240
2020,6,"6","Kreis 6",1,"01","Verheiratetentarif",344.5,86,969.5
2020,6,"6","Kreis 6",2,"02","Einelternfamilientarif",90,9,279
2020,7,"7","Kreis 7",0,"00","Grundtarif",90,11,441
2020,7,"7","Kreis 7",1,"01","Verheiratetentarif",562,152,1801
2020,7,"7","Kreis 7",2,"02","Einelternfamilientarif",133.5,22,507
2020,8,"8","Kreis 8",0,"00","Grundtarif",79,9,330
2020,8,"8","Kreis 8",1,"01","Verheiratetentarif",448,117,1306
2020,8,"8","Kreis 8",2,"02","Einelternfamilientarif",141,9,468
2020,9,"9","Kreis 9",0,"00","Grundtarif",34,1,149
2020,9,"9","Kreis 9",1,"01","Verheiratetentarif",123,12,402
2020,9,"9","Kreis 9",2,"02","Einelternfamilientarif",25,0,135
2020,10,"10","Kreis 10",0,"00","Grundtarif",56.5,7,229
2020,10,"10","Kreis 10",1,"01","Verheiratetentarif",270,68,774.5
2020,10,"10","Kreis 10",2,"02","Einelternfamilientarif",69,6,255.5
2020,11,"11","Kreis 11",0,"00","Grundtarif",27,0,139
2020,11,"11","Kreis 11",1,"01","Verheiratetentarif",117,7,406
2020,11,"11","Kreis 11",2,"02","Einelternfamilientarif",10,0,111.5
2020,12,"12","Kreis 12",0,"00","Grundtarif",15,0,84
2020,12,"12","Kreis 12",1,"01","Verheiratetentarif",49,0,228
2020,12,"12","Kreis 12",2,"02","Einelternfamilientarif",2,0,36
2021,1,"1","Kreis 1",0,"00","Grundtarif",58.5,4,323.5
2021,1,"1","Kreis 1",1,"01","Verheiratetentarif",522,100,1751
2021,1,"1","Kreis 1",2,"02","Einelternfamilientarif",70,5,325
2021,2,"2","Kreis 2",0,"00","Grundtarif",59,6,261
2021,2,"2","Kreis 2",1,"01","Verheiratetentarif",272,59,860
2021,2,"2","Kreis 2",2,"02","Einelternfamilientarif",65,5,250.5
2021,3,"3","Kreis 3",0,"00","Grundtarif",43,3,178
2021,3,"3","Kreis 3",1,"01","Verheiratetentarif",164,18,544
2021,3,"3","Kreis 3",2,"02","Einelternfamilientarif",54,3,217
2021,4,"4","Kreis 4",0,"00","Grundtarif",28,0,130
2021,4,"4","Kreis 4",1,"01","Verheiratetentarif",85,1,343
2021,4,"4","Kreis 4",2,"02","Einelternfamilientarif",38,0,191
2021,5,"5","Kreis 5",0,"00","Grundtarif",46,3,194
2021,5,"5","Kreis 5",1,"01","Verheiratetentarif",233.5,40,710
2021,5,"5","Kreis 5",2,"02","Einelternfamilientarif",98,11,324
2021,6,"6","Kreis 6",0,"00","Grundtarif",61,7,248
2021,6,"6","Kreis 6",1,"01","Verheiratetentarif",368,92,1031
2021,6,"6","Kreis 6",2,"02","Einelternfamilientarif",98,12,326
2021,7,"7","Kreis 7",0,"00","Grundtarif",92,12,460
2021,7,"7","Kreis 7",1,"01","Verheiratetentarif",605,164,1912
2021,7,"7","Kreis 7",2,"02","Einelternfamilientarif",143,25,583
2021,8,"8","Kreis 8",0,"00","Grundtarif",81,9,351
2021,8,"8","Kreis 8",1,"01","Verheiratetentarif",461,121,1350
2021,8,"8","Kreis 8",2,"02","Einelternfamilientarif",131,9,451
2021,9,"9","Kreis 9",0,"00","Grundtarif",35,1,159
2021,9,"9","Kreis 9",1,"01","Verheiratetentarif",127,12,426
2021,9,"9","Kreis 9",2,"02","Einelternfamilientarif",29,0,151
2021,10,"10","Kreis 10",0,"00","Grundtarif",59,7,247
2021,10,"10","Kreis 10",1,"01","Verheiratetentarif",282,70,819
2021,10,"10","Kreis 10",2,"02","Einelternfamilientarif",89,10,295
2021,11,"11","Kreis 11",0,"00","Grundtarif",29,0,146
2021,11,"11","Kreis 11",1,"01","Verheiratetentarif",121,6.705,433.5
2021,11,"11","Kreis 11",2,"02","Einelternfamilientarif",15,0,137
2021,12,"12","Kreis 12",0,"00","Grundtarif",15,0,87
2021,12,"12","Kreis 12",1,"01","Verheiratetentarif",51,1,238
2021,12,"12","Kreis 12",2,"02","Einelternfamilientarif",5,0,49
2022,1,"1","Kreis 1",0,"00","Grundtarif",51,3,285
2022,1,"1","Kreis 1",1,"01","Verheiratetentarif",521,108,1719
2022,1,"1","Kreis 1",2,"02","Einelternfamilientarif",61.5,0,375
2022,2,"2","Kreis 2",0,"00","Grundtarif",57,5,246
2022,2,"2","Kreis 2",1,"01","Verheiratetentarif",265,57,812
2022,2,"2","Kreis 2",2,"02","Einelternfamilientarif",65,4,237
2022,3,"3","Kreis 3",0,"00","Grundtarif",42,2,172
2022,3,"3","Kreis 3",1,"01","Verheiratetentarif",162,18,528.5
2022,3,"3","Kreis 3",2,"02","Einelternfamilientarif",56,3,208
2022,4,"4","Kreis 4",0,"00","Grundtarif",27,0,124
2022,4,"4","Kreis 4",1,"01","Verheiratetentarif",90,1,350
2022,4,"4","Kreis 4",2,"02","Einelternfamilientarif",34,0,176
2022,5,"5","Kreis 5",0,"00","Grundtarif",48,3,190
2022,5,"5","Kreis 5",1,"01","Verheiratetentarif",231,37,704
2022,5,"5","Kreis 5",2,"02","Einelternfamilientarif",109,13,354
2022,6,"6","Kreis 6",0,"00","Grundtarif",60,6,233
2022,6,"6","Kreis 6",1,"01","Verheiratetentarif",351,89,998
2022,6,"6","Kreis 6",2,"02","Einelternfamilientarif",99,12,338
2022,7,"7","Kreis 7",0,"00","Grundtarif",90,12,435.5
2022,7,"7","Kreis 7",1,"01","Verheiratetentarif",616,160,1864
2022,7,"7","Kreis 7",2,"02","Einelternfamilientarif",149,25,572
2022,8,"8","Kreis 8",0,"00","Grundtarif",80,9,334
2022,8,"8","Kreis 8",1,"01","Verheiratetentarif",440,116,1330
2022,8,"8","Kreis 8",2,"02","Einelternfamilientarif",123.5,9,446.5
2022,9,"9","Kreis 9",0,"00","Grundtarif",35,1,154
2022,9,"9","Kreis 9",1,"01","Verheiratetentarif",128,13,425
2022,9,"9","Kreis 9",2,"02","Einelternfamilientarif",31,0,166
2022,10,"10","Kreis 10",0,"00","Grundtarif",57,6,239
2022,10,"10","Kreis 10",1,"01","Verheiratetentarif",290,69,815
2022,10,"10","Kreis 10",2,"02","Einelternfamilientarif",88,8,287
2022,11,"11","Kreis 11",0,"00","Grundtarif",28,0,142
2022,11,"11","Kreis 11",1,"01","Verheiratetentarif",123,7,430
2022,11,"11","Kreis 11",2,"02","Einelternfamilientarif",15,0,146
2022,12,"12","Kreis 12",0,"00","Grundtarif",14,0,86
2022,12,"12","Kreis 12",1,"01","Verheiratetentarif",53,1,235
2022,12,"12","Kreis 12",2,"02","Einelternfamilientarif",4,0,56
